<!--<?xml version="1.0" encoding="UTF-8" ?>-->

<!--<beans xmlns="http://www.springframework.org/schema/beans"-->
<!--       xmlns:xsi="http://www.w3.org/2001/XMLSchema-instance"-->
<!--       xmlns:context="http://www.springframework.org/schema/context"-->
<!--       xsi:schemaLocation="http://www.springframework.org/schema/beans-->
<!--    http://www.springframework.org/schema/beans/spring-beans.xsd-->
<!--    http://www.springframework.org/schema/context-->
<!--    http://www.springframework.org/schema/context/spring-context.xsd">-->

<!--    <context:property-placeholder location="sports.yml"/>-->
<!--    <context:component-scan base-package="com.spring.demo"/>-->

<!--    <bean id="myWish" class="com.spring.demo.HappyWishService"/>-->

<!--    <bean  id="myCricketCoach" class="com.spring.demo.CricketCoach" />-->

<!--    <bean id="myFootBallCoach" class="com.spring.demo.FootBallCoach"-->
<!--        init-method="startUpMethod" destroy-method="destroyMethod"-->
<!--    >-->
<!--        <constructor-arg ref="myWish"></constructor-arg>-->
<!--        <property name="wishService" ref="myWish"></property>-->
<!--        <property name="email" value="${email}"></property>-->
<!--    </bean>-->
<!--</beans>-->