<!--Hibernate file-based configuration document.-->

<!DOCTYPE hibernate-configuration PUBLIC
        "-//Hibernate/Hibernate Configuration DTD 3.0//EN"
        "http://www.hibernate.org/dtd/hibernate-configuration-3.0.dtd">

<hibernate-configuration>
    <session-factory>

        <!--connectivity details starts-->
        <property name="hibernate.connection.driver_class">com.mysql.cj.jdbc.Driver</property>
        <property name="hibernate.connection.url">jdbc:mysql://localhost/personsdb</property>
        <property name="hibernate.connection.username">root</property>
        <property name="hibernate.connection.password">Password!123</property>
        <!--connectivity details ends-->

        <property name="hibernate.dialect">org.hibernate.dialect.MySQLDialect</property> <!-- to generate queries-->
        <property name="hibernate.show_sql">true</property> <!-- write properties to console-->
        <property name="hibernate.hbm2ddl">update</property> <!-- create tables & map columns from Java hibernate to sql schema-->
<!--        <property name="hibernate.hbm2ddl.auto">create</property> &lt;!&ndash; create tables do this only for first time&ndash;&gt;-->

    </session-factory>
</hibernate-configuration>